{"cameraMode":{"drawMode":0,"name":"Shaded","section":"Shading Mode"},"sceneLighting":true,"audioPlay":false,"sceneViewState":{"showFog":true,"showMaterialUpdate":false,"showSkybox":true,"showFlares":true,"showImageEffects":true,"showParticleSystems":true},"in2DMode":false,"pivot":{"x":505.6895446777344,"y":-113.06044006347656,"z":-47.49016571044922},"rotation":{"x":-0.0715634897351265,"y":-0.82798832654953,"z":0.10869485884904862,"w":-0.5455432534217835},"size":275.2371826171875,"orthographic":false}