{"cameraMode":{"drawMode":0,"name":"Shaded","section":"Shading Mode"},"sceneLighting":true,"audioPlay":false,"sceneViewState":{"showFog":true,"showMaterialUpdate":false,"showSkybox":true,"showFlares":true,"showImageEffects":true,"showParticleSystems":true},"in2DMode":false,"pivot":{"x":157.71640014648438,"y":2.8625144958496095,"z":126.95846557617188},"rotation":{"x":-0.0567542165517807,"y":-0.7008665204048157,"z":0.05641772598028183,"w":-0.7089581489562988},"size":0.4123089611530304,"orthographic":false}