{"cameraMode":{"drawMode":0,"name":"Shaded","section":"Shading Mode"},"sceneLighting":false,"audioPlay":false,"sceneViewState":{"showFog":true,"showMaterialUpdate":false,"showSkybox":false,"showFlares":true,"showImageEffects":true,"showParticleSystems":true},"in2DMode":false,"pivot":{"x":-0.1499999761581421,"y":3.0,"z":0.1499999761581421},"rotation":{"x":-0.25383612513542178,"y":-0.3684919774532318,"z":0.10532763600349426,"w":-0.8880964517593384},"size":4.487102031707764,"orthographic":false}