{"cameraMode":{"drawMode":0,"name":"Shaded","section":"Shading Mode"},"sceneLighting":true,"audioPlay":false,"sceneViewState":{"showFog":true,"showMaterialUpdate":false,"showSkybox":true,"showFlares":true,"showImageEffects":true,"showParticleSystems":true},"in2DMode":false,"pivot":{"x":115.73040771484375,"y":2.3409454822540285,"z":53.04252624511719},"rotation":{"x":0.12085579335689545,"y":0.26918184757232668,"z":-0.03452034667134285,"w":0.9550238847732544},"size":2.4412312507629396,"orthographic":false}