{"cameraMode":{"drawMode":0,"name":"Shaded","section":"Shading Mode"},"sceneLighting":false,"audioPlay":false,"sceneViewState":{"showFog":true,"showMaterialUpdate":false,"showSkybox":false,"showFlares":true,"showImageEffects":true,"showParticleSystems":true},"in2DMode":false,"pivot":{"x":0.3881840705871582,"y":2.1735901832580568,"z":-6.437778472900391},"rotation":{"x":0.061921052634716037,"y":-0.7011494636535645,"z":0.06097324937582016,"w":0.7078719735145569},"size":1.201041340827942,"orthographic":false}