{"cameraMode":{"drawMode":0,"name":"Shaded","section":"Shading Mode"},"sceneLighting":true,"audioPlay":false,"sceneViewState":{"showFog":true,"showMaterialUpdate":false,"showSkybox":true,"showFlares":true,"showImageEffects":true,"showParticleSystems":true},"in2DMode":false,"pivot":{"x":184.40708923339845,"y":3.0880959033966066,"z":123.70672607421875},"rotation":{"x":0.07216447591781616,"y":0.9265682697296143,"z":-0.2866538465023041,"w":0.233751118183136},"size":11.026318550109864,"orthographic":false}