{"cameraMode":{"drawMode":0,"name":"Shaded","section":"Shading Mode"},"sceneLighting":false,"audioPlay":false,"sceneViewState":{"showFog":true,"showMaterialUpdate":false,"showSkybox":false,"showFlares":true,"showImageEffects":true,"showParticleSystems":true},"in2DMode":false,"pivot":{"x":4.203670501708984,"y":1.2749991416931153,"z":-3.274693012237549},"rotation":{"x":0.07216447591781616,"y":0.9265682697296143,"z":-0.2866538465023041,"w":0.233751118183136},"size":0.4123104512691498,"orthographic":false}