{"cameraMode":{"drawMode":0,"name":"Shaded","section":"Shading Mode"},"sceneLighting":true,"audioPlay":false,"sceneViewState":{"showFog":true,"showMaterialUpdate":false,"showSkybox":true,"showFlares":true,"showImageEffects":true,"showParticleSystems":true},"in2DMode":false,"pivot":{"x":199.7432403564453,"y":-0.03740119934082031,"z":93.57221221923828},"rotation":{"x":0.19827936589717866,"y":0.1469443440437317,"z":-0.030219584703445436,"w":0.968812108039856},"size":13.968233108520508,"orthographic":false}