{"cameraMode":{"drawMode":0,"name":"Shaded","section":"Shading Mode"},"sceneLighting":false,"audioPlay":false,"sceneViewState":{"showFog":true,"showMaterialUpdate":false,"showSkybox":false,"showFlares":true,"showImageEffects":true,"showParticleSystems":true},"in2DMode":false,"pivot":{"x":3.7722740173339845,"y":2.118863105773926,"z":0.23657499253749848},"rotation":{"x":-0.04276439920067787,"y":-0.696057140827179,"z":0.04160667210817337,"w":-0.7155286073684692},"size":4.487102031707764,"orthographic":false}